,Rs,adjRs,Intercept,C(MEMCHURH)[T.2.0],C(MEMCHURH)[T.5.0],C(POSTLIFE)[T.2.0],C(POSTLIFE)[T.5.0],C(MARITAL)[T.2.0],C(MARITAL)[T.3.0],C(MARITAL)[T.4.0],C(MARITAL)[T.5.0],C(SEX)[T.2.0],C(RACE)[T.2.0],C(RACE)[T.3.0],C(REGION)[T.2.0],C(REGION)[T.3.0],C(REGION)[T.4.0],C(REGION)[T.5.0],C(REGION)[T.6.0],C(REGION)[T.7.0],C(REGION)[T.8.0],C(REGION)[T.9.0],ATTEND,RELITEN,AGE,INCOME,PRESTIGE,EDUC
XMARSEX,0.055972608967478577,0.04035336027402192,1.1676049600732024,0.011296286533650647,-0.030294053432960984,0.00669758975468711,-0.003798228904869711,0.007839904556420859,0.039643645630371004,0.10652031589489237,0.012460655391586863,-0.002095068470791475,0.054176864432518144,0.03073068919561016,-0.061892931145980566,-0.062024728429044364,-0.06379134710036605,-0.064956043126511,-0.0662132862573481,-0.1438461764427841,0.014039051755103183,0.01790755874227509,-0.026030448494102472,0.03869110774667305,-0.0010849622595868452,0.002531397027531546,0.00010509812366686145,0.017926120776303445
PREMARSX,0.21278758330908465,0.1997628907761443,3.2841234414449367,-0.06520902433376531,-0.14125425473480166,0.02232502720835174,0.00649246678752786,0.2055879557229747,0.19574778052405645,0.30281606618792317,0.03693797265166132,-0.09881092355915415,0.12128505941518358,-0.10580702712559296,-0.14085553225289799,-0.08772577450636468,-0.254125732511688,-0.12061944815366088,-0.35335033827993156,-0.19665537890576942,-0.3389559541084302,-0.12430742070155086,-0.09786540199346495,0.054550094704512046,-0.013799848706652573,0.030784692262358755,-0.0030751206849598265,0.029241994047900666
HOMOSEX,0.12121272533265082,0.10667289616873044,1.1547059422792467,-0.05147601776487971,-0.15136757404928006,0.046758191092674845,0.003015041562835361,-0.1195911624459466,0.09084653198937533,0.05716481896208109,0.18525503965942391,0.13747589664574097,0.05012827212488391,-0.17011974292818696,-0.4194833752179713,-0.3877027499738382,-0.4848338148637215,-0.4664444546177975,-0.7064830300747412,-0.49798335961597223,-0.32799876232398556,-0.32926330748736315,-0.04665819531555109,0.06927550615045554,0.0006869292835959682,0.004228320293759052,0.0014859358486351225,0.05615656607792215
